process,name,count
sla,Audit 105 temporary 001,1
sla,Audit 105 temporary 002,1
sla,Audit 105 temporary 003,1
sla,Audit 105 temporary 004,1
sla,Audit 105 temporary 005,1
sla,Audit 105 temporary 006,1
sla,Audit 105 temporary 007,1
sla,Audit 105 temporary 008,1
sla,Audit 105 temporary 009,1
sla,Audit 105 temporary 010,1
sla,Audit 105 temporary 011,1
sla,Audit 105 temporary 012,1
sla,Audit 105 temporary 013,1
sla,Audit 105 temporary 014,1
sla,Audit 105 temporary 015,1
sla,Audit 105 temporary 016,1
sla,Audit 105 temporary 017,1
sla,Audit 105 temporary 018,1
sla,Audit 105 temporary 019,1
sla,Audit 105 temporary 020,1
sla,Audit 105 temporary 021,1
sla,Audit 105 temporary 022,1
sla,Audit 105 temporary 023,1
sla,Audit 105 temporary 024,1
sla,Audit 105 temporary 025,1
sla,Audit 105 temporary 026,1
sla,Audit 105 temporary 027,1
sla,Audit 105 temporary 028,1
sla,Audit 105 temporary 029,1
sla,Audit 105 temporary 030,1
sla,Audit 105 temporary 031,1
sla,Audit 105 temporary 032,1
sla,Audit 105 temporary 033,1
sla,Audit 105 temporary 034,1
sla,Audit 105 temporary 035,1
sla,Audit 105 temporary 036,1
sla,Audit 105 temporary 037,1
sla,Audit 105 temporary 038,1
sla,Audit 105 temporary 039,1
sla,Audit 105 temporary 040,1
sla,Audit 105 temporary 041,1
sla,Audit 105 temporary 042,1
sla,Audit 105 temporary 043,1
sla,Audit 105 temporary 044,1
sla,Audit 105 temporary 045,1
sla,Audit 105 temporary 046,1
sla,Audit 105 temporary 047,1
sla,Audit 105 temporary 048,1
sla,Audit 105 temporary 049,1
sla,Audit 105 temporary 050,1
sla,Audit 105 temporary 051,1
sla,Audit 105 temporary 052,1
sla,Audit 105 temporary 053,1
sla,Audit 105 temporary 054,1
sla,Audit 105 temporary 055,1
sla,Audit 105 temporary 056,1
sla,Audit 105 temporary 057,1
sla,Audit 105 temporary 058,1
sla,Audit 105 temporary 059,1
sla,Audit 105 temporary 060,1
sla,Audit 105 temporary 061,1
sla,Audit 105 temporary 062,1
sla,Audit 105 temporary 063,1
sla,Audit 105 temporary 064,1
sla,Audit 105 temporary 065,1
sla,Audit 105 temporary 066,1
sla,Audit 105 temporary 067,1
sla,Audit 105 temporary 068,1
sla,Audit 105 temporary 069,1
sla,Audit 105 temporary 070,1
sla,Audit 105 temporary 071,1
sla,Audit 105 temporary 072,1
sla,Audit 105 temporary 073,1
sla,Audit 105 temporary 074,1
sla,Audit 105 temporary 075,1
sla,Audit 105 temporary 076,1
sla,Audit 105 temporary 077,1
sla,Audit 105 temporary 078,1
sla,Audit 105 temporary 079,1
sla,Audit 105 temporary 080,1
sla,Audit 105 temporary 081,1
sla,Audit 105 temporary 082,1
sla,Audit 105 temporary 083,1
sla,Audit 105 temporary 084,1
sla,Audit 105 temporary 085,1
sla,Audit 105 temporary 086,1
sla,Audit 105 temporary 087,1
sla,Audit 105 temporary 088,1
sla,Audit 105 temporary 089,1
sla,Audit 105 temporary 090,1
sla,Audit 105 temporary 091,1
sla,Audit 105 temporary 092,1
sla,Audit 105 temporary 093,1
sla,Audit 105 temporary 094,1
sla,Audit 105 temporary 095,1
sla,Audit 105 temporary 096,1
sla,Audit 105 temporary 097,1
